{
  "id": 993215,
  "name": "14.1.1 - Beach litter per square kilometer (Number) - EN_MAR_BEALITSQ",
  "unit": "number",
  "createdAt": "2024-10-21T16:47:30.000Z",
  "updatedAt": "2025-05-13T14:42:00.000Z",
  "coverage": "",
  "timespan": "2015-2023",
  "datasetId": 6761,
  "shortUnit": "",
  "columnOrder": 0,
  "shortName": "_14_1_1__en_mar_bealitsq",
  "catalogPath": "grapher/un/2024-08-27/un_sdg/_14_1_1__en_mar_bealitsq#_14_1_1__en_mar_bealitsq",
  "descriptionShort": "Beach litter per square kilometer (Number)",
  "descriptionFromProducer": "Beach litter per square kilometer (Number)\n\nFurther information available at: https://unstats.un.org/sdgs/metadata/files/Metadata-14-01-01.pdf",
  "type": "float",
  "dataChecksum": "5738555301553987259",
  "metadataChecksum": "3345936554462531868",
  "datasetName": "United Nations Sustainable Development Goals",
  "updatePeriodDays": 730,
  "datasetVersion": "2024-08-27",
  "nonRedistributable": false,
  "display": {
    "unit": "number"
  },
  "schemaVersion": 2,
  "presentation": {},
  "dimensions": {
    "years": {
      "values": [
        {
          "id": 2015
        },
        {
          "id": 2016
        },
        {
          "id": 2017
        },
        {
          "id": 2018
        },
        {
          "id": 2019
        },
        {
          "id": 2020
        },
        {
          "id": 2021
        },
        {
          "id": 2022
        },
        {
          "id": 2023
        }
      ]
    },
    "entities": {
      "values": [
        {
          "id": 355,
          "name": "World",
          "code": "OWID_WRL"
        },
        {
          "id": 39,
          "name": "Bulgaria",
          "code": "BGR"
        },
        {
          "id": 142,
          "name": "Myanmar",
          "code": "MMR"
        },
        {
          "id": 42,
          "name": "Cambodia",
          "code": "KHM"
        },
        {
          "id": 17,
          "name": "Algeria",
          "code": "DZA"
        },
        {
          "id": 43,
          "name": "Cameroon",
          "code": "CMR"
        },
        {
          "id": 44,
          "name": "Canada",
          "code": "CAN"
        },
        {
          "id": 45,
          "name": "Cape Verde",
          "code": "CPV"
        },
        {
          "id": 197,
          "name": "Cayman Islands",
          "code": "CYM"
        },
        {
          "id": 321935,
          "name": "Asia (UN)",
          "code": null
        },
        {
          "id": 141,
          "name": "Sri Lanka",
          "code": "LKA"
        },
        {
          "id": 321928,
          "name": "Northern Africa (UN)",
          "code": null
        },
        {
          "id": 321936,
          "name": "Europe (UN)",
          "code": null
        },
        {
          "id": 172,
          "name": "Chile",
          "code": "CHL"
        },
        {
          "id": 171,
          "name": "China",
          "code": "CHN"
        },
        {
          "id": 246,
          "name": "American Samoa",
          "code": "ASM"
        },
        {
          "id": 247,
          "name": "Christmas Island",
          "code": "CXR"
        },
        {
          "id": 170,
          "name": "Colombia",
          "code": "COL"
        },
        {
          "id": 166,
          "name": "Costa Rica",
          "code": "CRI"
        },
        {
          "id": 164,
          "name": "Cuba",
          "code": "CUB"
        },
        {
          "id": 163,
          "name": "Cyprus",
          "code": "CYP"
        },
        {
          "id": 38228,
          "name": "Least Developed Countries (LDCs)",
          "code": null
        },
        {
          "id": 321937,
          "name": "Africa (UN)",
          "code": null
        },
        {
          "id": 321930,
          "name": "Sub-Saharan Africa (UN)",
          "code": null
        },
        {
          "id": 162,
          "name": "Czechia",
          "code": "CZE"
        },
        {
          "id": 161,
          "name": "Denmark",
          "code": "DNK"
        },
        {
          "id": 321931,
          "name": "Northern America (UN)",
          "code": null
        },
        {
          "id": 160,
          "name": "Dominican Republic",
          "code": "DOM"
        },
        {
          "id": 201,
          "name": "Ecuador",
          "code": "ECU"
        },
        {
          "id": 259,
          "name": "El Salvador",
          "code": "SLV"
        },
        {
          "id": 158,
          "name": "Ethiopia",
          "code": "ETH"
        },
        {
          "id": 156,
          "name": "Estonia",
          "code": "EST"
        },
        {
          "id": 19,
          "name": "Angola",
          "code": "AGO"
        },
        {
          "id": 202,
          "name": "Fiji",
          "code": "FJI"
        },
        {
          "id": 155,
          "name": "Finland",
          "code": "FIN"
        },
        {
          "id": 296,
          "name": "Aland Islands",
          "code": "ALA"
        },
        {
          "id": 3,
          "name": "France",
          "code": "FRA"
        },
        {
          "id": 203,
          "name": "French Polynesia",
          "code": "PYF"
        },
        {
          "id": 152,
          "name": "Georgia",
          "code": "GEO"
        },
        {
          "id": 151,
          "name": "Gambia",
          "code": "GMB"
        },
        {
          "id": 6,
          "name": "Germany",
          "code": "DEU"
        },
        {
          "id": 20,
          "name": "Antigua and Barbuda",
          "code": "ATG"
        },
        {
          "id": 150,
          "name": "Ghana",
          "code": "GHA"
        },
        {
          "id": 204,
          "name": "Kiribati",
          "code": "KIR"
        },
        {
          "id": 149,
          "name": "Greece",
          "code": "GRC"
        },
        {
          "id": 206,
          "name": "Grenada",
          "code": "GRD"
        },
        {
          "id": 25,
          "name": "Azerbaijan",
          "code": "AZE"
        },
        {
          "id": 254,
          "name": "Guam",
          "code": "GUM"
        },
        {
          "id": 21,
          "name": "Argentina",
          "code": "ARG"
        },
        {
          "id": 148,
          "name": "Guatemala",
          "code": "GTM"
        },
        {
          "id": 146,
          "name": "Guyana",
          "code": "GUY"
        },
        {
          "id": 139,
          "name": "Honduras",
          "code": "HND"
        },
        {
          "id": 144,
          "name": "Hong Kong",
          "code": "HKG"
        },
        {
          "id": 138,
          "name": "Hungary",
          "code": "HUN"
        },
        {
          "id": 207,
          "name": "Iceland",
          "code": "ISL"
        },
        {
          "id": 137,
          "name": "India",
          "code": "IND"
        },
        {
          "id": 23,
          "name": "Australia",
          "code": "AUS"
        },
        {
          "id": 136,
          "name": "Indonesia",
          "code": "IDN"
        },
        {
          "id": 135,
          "name": "Iran",
          "code": "IRN"
        },
        {
          "id": 2,
          "name": "Ireland",
          "code": "IRL"
        },
        {
          "id": 133,
          "name": "Israel",
          "code": "ISR"
        },
        {
          "id": 8,
          "name": "Italy",
          "code": "ITA"
        },
        {
          "id": 143,
          "name": "Cote d'Ivoire",
          "code": "CIV"
        },
        {
          "id": 132,
          "name": "Jamaica",
          "code": "JAM"
        },
        {
          "id": 14,
          "name": "Japan",
          "code": "JPN"
        },
        {
          "id": 131,
          "name": "Kazakhstan",
          "code": "KAZ"
        },
        {
          "id": 24,
          "name": "Austria",
          "code": "AUT"
        },
        {
          "id": 130,
          "name": "Jordan",
          "code": "JOR"
        },
        {
          "id": 129,
          "name": "Kenya",
          "code": "KEN"
        },
        {
          "id": 127,
          "name": "South Korea",
          "code": "KOR"
        },
        {
          "id": 208,
          "name": "Kuwait",
          "code": "KWT"
        },
        {
          "id": 321932,
          "name": "Latin America and the Caribbean (UN)",
          "code": null
        },
        {
          "id": 124,
          "name": "Lebanon",
          "code": "LBN"
        },
        {
          "id": 26,
          "name": "Bahamas",
          "code": "BHS"
        },
        {
          "id": 119,
          "name": "Lithuania",
          "code": "LTU"
        },
        {
          "id": 210,
          "name": "Luxembourg",
          "code": "LUX"
        },
        {
          "id": 118,
          "name": "Madagascar",
          "code": "MDG"
        },
        {
          "id": 117,
          "name": "Malawi",
          "code": "MWI"
        },
        {
          "id": 116,
          "name": "Malaysia",
          "code": "MYS"
        },
        {
          "id": 211,
          "name": "Maldives",
          "code": "MDV"
        },
        {
          "id": 212,
          "name": "Malta",
          "code": "MLT"
        },
        {
          "id": 213,
          "name": "Mauritius",
          "code": "MUS"
        },
        {
          "id": 113,
          "name": "Mexico",
          "code": "MEX"
        },
        {
          "id": 215,
          "name": "Montenegro",
          "code": "MNE"
        },
        {
          "id": 28,
          "name": "Bangladesh",
          "code": "BGD"
        },
        {
          "id": 110,
          "name": "Morocco",
          "code": "MAR"
        },
        {
          "id": 109,
          "name": "Mozambique",
          "code": "MOZ"
        },
        {
          "id": 217,
          "name": "Oman",
          "code": "OMN"
        },
        {
          "id": 321929,
          "name": "Europe and Northern America (UN)",
          "code": null
        },
        {
          "id": 108,
          "name": "Namibia",
          "code": "NAM"
        },
        {
          "id": 29,
          "name": "Barbados",
          "code": "BRB"
        },
        {
          "id": 107,
          "name": "Nepal",
          "code": "NPL"
        },
        {
          "id": 5,
          "name": "Netherlands",
          "code": "NLD"
        },
        {
          "id": 369207,
          "name": "Australia and New Zealand (UN)",
          "code": null
        },
        {
          "id": 279,
          "name": "Curacao",
          "code": "CUW"
        },
        {
          "id": 219,
          "name": "Aruba",
          "code": "ABW"
        },
        {
          "id": 281,
          "name": "Sint Maarten (Dutch part)",
          "code": "SXM"
        },
        {
          "id": 348,
          "name": "Bonaire Sint Eustatius and Saba",
          "code": "BES"
        },
        {
          "id": 220,
          "name": "New Caledonia",
          "code": "NCL"
        },
        {
          "id": 221,
          "name": "Vanuatu",
          "code": "VUT"
        },
        {
          "id": 106,
          "name": "New Zealand",
          "code": "NZL"
        },
        {
          "id": 105,
          "name": "Nicaragua",
          "code": "NIC"
        },
        {
          "id": 4,
          "name": "Belgium",
          "code": "BEL"
        },
        {
          "id": 104,
          "name": "Niger",
          "code": "NER"
        },
        {
          "id": 103,
          "name": "Nigeria",
          "code": "NGA"
        },
        {
          "id": 102,
          "name": "Norway",
          "code": "NOR"
        },
        {
          "id": 266,
          "name": "Northern Mariana Islands",
          "code": "MNP"
        },
        {
          "id": 222,
          "name": "Micronesia (country)",
          "code": "FSM"
        },
        {
          "id": 223,
          "name": "Marshall Islands",
          "code": "MHL"
        },
        {
          "id": 224,
          "name": "Palau",
          "code": "PLW"
        },
        {
          "id": 101,
          "name": "Pakistan",
          "code": "PAK"
        },
        {
          "id": 100,
          "name": "Panama",
          "code": "PAN"
        },
        {
          "id": 194,
          "name": "Bermuda",
          "code": "BMU"
        },
        {
          "id": 98,
          "name": "Paraguay",
          "code": "PRY"
        },
        {
          "id": 97,
          "name": "Peru",
          "code": "PER"
        },
        {
          "id": 96,
          "name": "Philippines",
          "code": "PHL"
        },
        {
          "id": 11,
          "name": "Poland",
          "code": "POL"
        },
        {
          "id": 321927,
          "name": "Central and Southern Asia (UN)",
          "code": null
        },
        {
          "id": 95,
          "name": "Portugal",
          "code": "PRT"
        },
        {
          "id": 225,
          "name": "East Timor",
          "code": "TLS"
        },
        {
          "id": 93,
          "name": "Puerto Rico",
          "code": "PRI"
        },
        {
          "id": 226,
          "name": "Qatar",
          "code": "QAT"
        },
        {
          "id": 245,
          "name": "Reunion",
          "code": "REU"
        },
        {
          "id": 33,
          "name": "Bhutan",
          "code": "BTN"
        },
        {
          "id": 92,
          "name": "Romania",
          "code": "ROU"
        },
        {
          "id": 12,
          "name": "Russia",
          "code": "RUS"
        },
        {
          "id": 60094,
          "name": "Saint Barthlemy",
          "code": null
        },
        {
          "id": 260,
          "name": "Saint Helena",
          "code": "SHN"
        },
        {
          "id": 227,
          "name": "Saint Kitts and Nevis",
          "code": "KNA"
        },
        {
          "id": 229,
          "name": "Saint Lucia",
          "code": "LCA"
        },
        {
          "id": 280,
          "name": "Saint Martin (French part)",
          "code": "MAF"
        },
        {
          "id": 230,
          "name": "Saint Vincent and the Grenadines",
          "code": "VCT"
        },
        {
          "id": 232,
          "name": "Sao Tome and Principe",
          "code": "STP"
        },
        {
          "id": 90,
          "name": "Saudi Arabia",
          "code": "SAU"
        },
        {
          "id": 89,
          "name": "Senegal",
          "code": "SEN"
        },
        {
          "id": 88,
          "name": "Serbia",
          "code": "SRB"
        },
        {
          "id": 233,
          "name": "Seychelles",
          "code": "SYC"
        },
        {
          "id": 87,
          "name": "Sierra Leone",
          "code": "SLE"
        },
        {
          "id": 35,
          "name": "Bosnia and Herzegovina",
          "code": "BIH"
        },
        {
          "id": 86,
          "name": "Singapore",
          "code": "SGP"
        },
        {
          "id": 84,
          "name": "Vietnam",
          "code": "VNM"
        },
        {
          "id": 83,
          "name": "Slovenia",
          "code": "SVN"
        },
        {
          "id": 82,
          "name": "Somalia",
          "code": "SOM"
        },
        {
          "id": 81,
          "name": "South Africa",
          "code": "ZAF"
        },
        {
          "id": 38229,
          "name": "Small Island Developing States (SIDS)",
          "code": null
        },
        {
          "id": 9,
          "name": "Spain",
          "code": "ESP"
        },
        {
          "id": 234,
          "name": "Suriname",
          "code": "SUR"
        },
        {
          "id": 298,
          "name": "Svalbard and Jan Mayen",
          "code": "SJM"
        },
        {
          "id": 369214,
          "name": "Northern Africa and Western Asia (UN)",
          "code": null
        },
        {
          "id": 10,
          "name": "Sweden",
          "code": "SWE"
        },
        {
          "id": 321933,
          "name": "Eastern and South-Eastern Asia (UN)",
          "code": null
        },
        {
          "id": 7,
          "name": "Switzerland",
          "code": "CHE"
        },
        {
          "id": 37,
          "name": "Brazil",
          "code": "BRA"
        },
        {
          "id": 75,
          "name": "Thailand",
          "code": "THA"
        },
        {
          "id": 235,
          "name": "Tonga",
          "code": "TON"
        },
        {
          "id": 73,
          "name": "Trinidad and Tobago",
          "code": "TTO"
        },
        {
          "id": 71,
          "name": "Tunisia",
          "code": "TUN"
        },
        {
          "id": 70,
          "name": "Turkey",
          "code": "TUR"
        },
        {
          "id": 236,
          "name": "Turks and Caicos Islands",
          "code": "TCA"
        },
        {
          "id": 68,
          "name": "Uganda",
          "code": "UGA"
        },
        {
          "id": 67,
          "name": "Ukraine",
          "code": "UKR"
        },
        {
          "id": 65,
          "name": "Egypt",
          "code": "EGY"
        },
        {
          "id": 1,
          "name": "United Kingdom",
          "code": "GBR"
        },
        {
          "id": 282,
          "name": "Guernsey",
          "code": "GGY"
        },
        {
          "id": 283,
          "name": "Jersey",
          "code": "JEY"
        },
        {
          "id": 265,
          "name": "Isle of Man",
          "code": "IMN"
        },
        {
          "id": 64,
          "name": "Tanzania",
          "code": "TZA"
        },
        {
          "id": 31,
          "name": "Belize",
          "code": "BLZ"
        },
        {
          "id": 13,
          "name": "United States",
          "code": "USA"
        },
        {
          "id": 256,
          "name": "United States Virgin Islands",
          "code": "VIR"
        },
        {
          "id": 63,
          "name": "Uruguay",
          "code": "URY"
        },
        {
          "id": 238,
          "name": "Venezuela",
          "code": "VEN"
        },
        {
          "id": 255,
          "name": "Wallis and Futuna",
          "code": "WLF"
        },
        {
          "id": 239,
          "name": "Samoa",
          "code": "WSM"
        },
        {
          "id": 321934,
          "name": "Oceania (UN)",
          "code": null
        },
        {
          "id": 195,
          "name": "Solomon Islands",
          "code": "SLB"
        },
        {
          "id": 196,
          "name": "British Virgin Islands",
          "code": "VGB"
        },
        {
          "id": 38,
          "name": "Brunei",
          "code": "BRN"
        }
      ]
    }
  },
  "origins": [
    {
      "id": 1607,
      "title": "Data from multiple sources",
      "description": "The United Nations Sustainable Development Goal (SDG) dataset is the primary collection of data tracking progress towards the SDG indicators, compiled from officially-recognized international sources.",
      "producer": "United Nations Environment Programme",
      "citationFull": "United Nations Environment Programme via UN SDG Indicators Database (https://unstats.un.org/sdgs/dataportal), UN Department of Economic and Social Affairs (accessed 2024). More information available at: https://unstats.un.org/sdgs/metadata/files/Metadata-14-01-01.pdf.",
      "attributionShort": "UNEP",
      "urlMain": "https://unstats.un.org/sdgs/dataportal",
      "urlDownload": "https://unstats.un.org/sdgapi",
      "dateAccessed": "2024-08-27",
      "license": {
        "url": "https://www.un.org/en/about-us/terms-of-use",
        "name": "© 2024 United Nations"
      }
    }
  ]
}